{
    "prc": [
        {
            "precision": 0.48441345365053323,
            "recall": 1.0,
            "threshold": 0.0
        },
        {
            "precision": 0.9736842105263158,
            "recall": 0.8458933107535986,
            "threshold": 1.0
        }
    ]
}