{
    "prc": [
        {
            "precision": 0.48441345365053323,
            "recall": 1.0,
            "threshold": 0.0
        },
        {
            "precision": 0.9796954314720813,
            "recall": 0.9805249788314987,
            "threshold": 1.0
        }
    ]
}