{
    "prc": [
        {
            "precision": 0.48810500410172275,
            "recall": 1.0,
            "threshold": 0.0
        },
        {
            "precision": 1.0,
            "recall": 0.9789915966386554,
            "threshold": 1.0
        }
    ]
}